age,income,credit_score,loan_amount,employment_years,education,marital_status,num_dependents,home_ownership,loan_purpose,approved
56,125186.0,414.0,12239,19.0,PhD,Divorced,2,Mortgage,Personal,1
69,,622.0,11710,23.0,Bachelor,Divorced,3,Rent,Education,1
46,55854.0,339.0,26384,21.0,PhD,Married,4,Mortgage,Education,0
32,66271.0,,26038,28.0,Bachelor,Married,2,Mortgage,Personal,0
60,93688.0,588.0,45846,21.0,Master,Single,0,Mortgage,Personal,1
25,58518.0,561.0,27447,8.0,High School,Single,1,Mortgage,Business,1
38,131076.0,515.0,7285,36.0,Master,Divorced,1,Mortgage,Home,1
56,30267.0,446.0,42991,9.0,Bachelor,Married,0,Rent,Education,0
36,110825.0,635.0,18521,35.0,PhD,Single,1,Rent,Personal,1
40,21062.0,467.0,11971,36.0,PhD,Divorced,1,Mortgage,Business,1
28,,391.0,34139,27.0,Master,Married,0,Own,Home,1
28,70448.0,652.0,24909,27.0,Bachelor,Divorced,0,Mortgage,Personal,1
41,115462.0,662.0,16531,20.0,Master,Single,2,Mortgage,Home,1
53,26229.0,644.0,19721,23.0,Master,Single,2,Mortgage,Home,0
57,76793.0,469.0,24206,39.0,High School,Married,0,Own,Education,1
41,134813.0,655.0,42711,1.0,Master,Divorced,3,Own,Education,1
20,67915.0,490.0,11530,7.0,High School,Married,1,Own,Personal,0
39,24632.0,721.0,16116,26.0,High School,Single,2,Rent,Home,1
19,124592.0,306.0,5258,21.0,PhD,Single,1,Own,Personal,1
41,23596.0,432.0,5282,36.0,High School,Divorced,4,Rent,Personal,0
61,129779.0,330.0,18937,26.0,High School,Divorced,0,Rent,Home,1
47,26168.0,834.0,6898,28.0,PhD,Divorced,3,Own,Personal,1
55,,725.0,9135,2.0,Master,Married,4,Own,Home,1
19,27561.0,693.0,11629,12.0,Bachelor,Divorced,4,Own,Home,0
38,93794.0,662.0,48936,9.0,Bachelor,Divorced,4,Rent,Home,1
50,102152.0,736.0,24584,35.0,Bachelor,Single,0,Mortgage,Home,1
29,,381.0,28551,8.0,Master,Single,2,Own,Business,1
39,144049.0,655.0,38380,26.0,High School,Divorced,0,Own,Home,1
61,46734.0,557.0,22071,33.0,Bachelor,Divorced,2,Own,Education,1
42,26371.0,823.0,25074,0.0,Master,Single,4,Rent,Education,1
66,138894.0,594.0,30188,31.0,High School,Divorced,4,Rent,Education,1
44,46069.0,523.0,7307,,PhD,Married,3,Mortgage,Home,1
59,99905.0,824.0,44901,28.0,Bachelor,Married,2,Own,Education,1
45,32910.0,345.0,16205,6.0,High School,Married,4,Rent,Business,0
33,93479.0,412.0,10906,2.0,Bachelor,Divorced,1,Mortgage,Personal,0
32,97735.0,532.0,7591,19.0,Bachelor,Single,3,Own,Home,1
64,101264.0,316.0,20149,,Bachelor,Divorced,0,Rent,Education,0
68,43275.0,659.0,49918,29.0,High School,Divorced,3,Own,Business,1
61,92274.0,522.0,44951,34.0,Master,Single,1,Own,Personal,1
69,101449.0,747.0,30150,34.0,High School,Single,2,Rent,Business,1
20,120776.0,664.0,36852,38.0,Bachelor,Single,0,Rent,Education,1
54,80004.0,625.0,47870,26.0,High School,Married,0,Rent,Business,1
68,82981.0,766.0,6283,25.0,PhD,Divorced,2,Own,Personal,1
24,104659.0,713.0,38691,13.0,Master,Single,3,Own,Education,1
38,74553.0,754.0,6125,16.0,High School,Divorced,4,Mortgage,Personal,1
26,,532.0,6529,17.0,PhD,Married,3,Own,Business,1
56,54529.0,523.0,31170,28.0,Master,Married,1,Rent,Home,1
35,146394.0,711.0,13438,19.0,PhD,Single,4,Own,Home,1
21,95703.0,,25095,26.0,Master,Single,3,Mortgage,Home,1
42,96090.0,521.0,21154,17.0,High School,Divorced,2,Mortgage,Home,1
31,37260.0,336.0,13004,3.0,PhD,Single,1,Rent,Personal,0
67,132581.0,577.0,14752,0.0,Bachelor,Divorced,1,Rent,Home,1
26,23812.0,495.0,48360,0.0,PhD,Single,1,Mortgage,Personal,0
43,48024.0,783.0,31819,25.0,Master,Divorced,4,Mortgage,Education,1
19,78656.0,541.0,41632,19.0,High School,Divorced,0,Mortgage,Home,1
37,136148.0,623.0,31515,,Master,Divorced,4,Rent,Personal,1
45,47285.0,491.0,29217,9.0,PhD,Divorced,3,Mortgage,Home,0
64,112436.0,316.0,28172,10.0,PhD,Married,0,Mortgage,Home,0
24,136421.0,823.0,37994,4.0,Bachelor,Divorced,3,Rent,Home,1
61,21605.0,700.0,20036,0.0,High School,Single,0,Own,Personal,0
25,91158.0,321.0,16739,16.0,High School,Married,4,Own,Business,0
64,92303.0,773.0,37220,21.0,PhD,Married,1,Mortgage,Home,1
52,47139.0,419.0,14587,33.0,High School,Divorced,2,Own,Home,1
31,97149.0,509.0,49517,28.0,Bachelor,Married,1,Own,Education,1
34,,605.0,35129,3.0,Master,Divorced,4,Own,Business,0
53,138205.0,,5645,4.0,High School,Single,0,Own,Personal,1
67,96125.0,584.0,35930,10.0,PhD,Divorced,1,Mortgage,Education,1
57,33918.0,526.0,21299,20.0,Master,Married,4,Own,Home,0
21,105655.0,680.0,35090,34.0,Master,Single,3,Own,Education,1
19,47446.0,759.0,26953,11.0,Bachelor,Divorced,2,Rent,Education,1
23,144040.0,306.0,31475,25.0,PhD,Single,1,Mortgage,Home,1
59,33046.0,328.0,23888,18.0,High School,Single,0,Rent,Business,0
21,149922.0,332.0,48732,6.0,PhD,Married,3,Rent,Business,1
46,44818.0,378.0,21087,6.0,Master,Single,4,Mortgage,Education,0
35,120894.0,758.0,14346,25.0,PhD,Married,2,Own,Home,1
43,135751.0,837.0,5587,39.0,High School,Single,0,Rent,Personal,1
61,24324.0,781.0,17763,4.0,High School,Divorced,4,Mortgage,Education,0
51,96323.0,729.0,46945,20.0,Bachelor,Single,4,Own,Personal,1
27,,584.0,9079,13.0,High School,Divorced,1,Mortgage,Education,0
53,58110.0,815.0,41116,3.0,High School,Divorced,1,Rent,Education,1
31,36389.0,398.0,25215,22.0,PhD,Single,0,Own,Home,0
48,142177.0,696.0,30817,19.0,PhD,Divorced,4,Own,Home,1
65,61427.0,788.0,29765,14.0,Master,Single,1,Mortgage,Personal,1
32,,338.0,35112,28.0,Bachelor,Single,2,Own,Personal,1
25,48746.0,570.0,30556,7.0,PhD,Divorced,2,Rent,Business,0
31,142883.0,456.0,23099,18.0,High School,Divorced,4,Rent,Home,1
40,107886.0,374.0,48553,38.0,Master,Married,1,Rent,Education,1
57,127141.0,429.0,11450,27.0,PhD,Divorced,0,Mortgage,Education,1
38,20117.0,383.0,18230,26.0,Bachelor,Married,0,Own,Business,0
33,145808.0,321.0,34009,3.0,Bachelor,Divorced,0,Own,Home,0
62,132221.0,758.0,10433,14.0,Master,Single,2,Own,Education,1
35,104471.0,838.0,38866,,Master,Divorced,1,Rent,Business,1
64,132613.0,681.0,44864,36.0,Master,Single,1,Own,Business,1
41,33234.0,739.0,23710,0.0,Master,Single,2,Rent,Education,0
43,149597.0,320.0,16439,2.0,Master,Single,0,Own,Education,1
42,123864.0,602.0,46855,23.0,High School,Married,0,Rent,Personal,1
62,73441.0,383.0,21021,26.0,High School,Divorced,4,Own,Home,1
58,,752.0,11416,,PhD,Single,3,Mortgage,Personal,1
46,30954.0,686.0,11980,35.0,Bachelor,Single,1,Mortgage,Business,1
32,99239.0,806.0,23058,,High School,Married,1,Rent,Education,1
62,133689.0,556.0,16101,28.0,High School,Divorced,1,Rent,Personal,1
18,66514.0,826.0,45718,23.0,High School,Divorced,3,Own,Business,1
42,108236.0,461.0,37602,,PhD,Married,4,Own,Home,1
24,,462.0,14122,3.0,Master,Married,3,Mortgage,Education,1
26,148644.0,823.0,17576,2.0,PhD,Divorced,0,Own,Personal,1
41,26469.0,570.0,32516,33.0,Bachelor,Married,0,Rent,Home,1
18,50105.0,791.0,27433,22.0,Bachelor,Divorced,1,Rent,Personal,1
61,62101.0,507.0,6089,22.0,Bachelor,Divorced,2,Rent,Business,1
25,84323.0,838.0,42346,4.0,Bachelor,Single,1,Rent,Home,1
41,111922.0,359.0,14127,30.0,High School,Single,2,Rent,Personal,1
28,78067.0,729.0,15487,5.0,High School,Divorced,3,Mortgage,Home,1
68,69376.0,608.0,5155,36.0,PhD,Divorced,0,Mortgage,Business,1
34,65587.0,819.0,6958,9.0,Master,Divorced,2,Rent,Home,1
25,56976.0,326.0,15693,39.0,Bachelor,Divorced,3,Own,Personal,1
52,124587.0,498.0,44112,6.0,PhD,Divorced,0,Rent,Business,1
52,147534.0,686.0,43547,38.0,High School,Divorced,2,Mortgage,Education,1
50,87584.0,648.0,33795,37.0,High School,Married,1,Rent,Personal,1
22,,,26447,20.0,Master,Divorced,1,Mortgage,Personal,1
59,98477.0,677.0,41598,19.0,Master,Married,1,Mortgage,Business,1
56,130911.0,826.0,46814,2.0,Master,Married,3,Rent,Business,1
58,62533.0,452.0,30215,21.0,PhD,Divorced,1,Rent,Education,0
45,21828.0,505.0,14794,3.0,High School,Divorced,4,Own,Personal,0
24,21917.0,754.0,38209,27.0,High School,Married,0,Mortgage,Business,1
26,40618.0,572.0,27424,11.0,Master,Married,3,Own,Education,0
25,52254.0,535.0,42396,37.0,Bachelor,Divorced,1,Rent,Education,1
29,125292.0,820.0,11370,35.0,Master,Divorced,0,Mortgage,Business,1
51,136714.0,,14528,4.0,PhD,Married,2,Own,Personal,1
50,67362.0,416.0,33276,12.0,Master,Married,1,Own,Home,0
65,40128.0,685.0,49333,22.0,Master,Married,0,Own,Home,1
40,143781.0,643.0,13179,29.0,PhD,Single,4,Rent,Education,1
41,131281.0,694.0,21843,36.0,Master,Married,2,Rent,Home,1
54,79383.0,363.0,28952,24.0,High School,Single,4,Rent,Home,1
52,85545.0,371.0,38160,26.0,Bachelor,Divorced,0,Mortgage,Business,1
61,102180.0,573.0,49898,13.0,Master,Divorced,4,Rent,Education,1
57,107958.0,619.0,34516,35.0,PhD,Married,0,Mortgage,Personal,1
39,29865.0,637.0,15449,38.0,Bachelor,Divorced,0,Own,Education,1
44,22219.0,665.0,26125,15.0,PhD,Divorced,4,Own,Business,0
52,59809.0,794.0,12418,21.0,Bachelor,Divorced,0,Rent,Home,1
18,136748.0,,27746,20.0,Bachelor,Divorced,1,Own,Personal,1
52,25287.0,843.0,7454,,Master,Single,0,Rent,Education,1
54,146593.0,310.0,22761,7.0,High School,Single,3,Mortgage,Home,0
64,54387.0,600.0,20223,15.0,Master,Married,0,Own,Education,1
31,28512.0,401.0,11701,30.0,PhD,Married,3,Rent,Personal,0
20,21342.0,724.0,7597,9.0,PhD,Married,0,Own,Education,0
18,83076.0,691.0,5141,31.0,Bachelor,Divorced,0,Own,Education,1
22,128872.0,513.0,7659,33.0,Bachelor,Divorced,4,Rent,Education,1
43,,387.0,25980,8.0,High School,Single,1,Own,Home,0
31,137512.0,700.0,14031,16.0,Master,Single,1,Own,Personal,1
56,136682.0,345.0,20037,10.0,PhD,Married,2,Own,Personal,1
44,113070.0,762.0,43429,31.0,Bachelor,Single,4,Own,Home,1
26,99767.0,609.0,11142,9.0,High School,Single,4,Mortgage,Home,1
32,117829.0,385.0,17109,21.0,PhD,Single,1,Own,Home,1
32,,391.0,27010,16.0,Bachelor,Single,4,Own,Business,0
43,56258.0,,13787,3.0,PhD,Single,1,Rent,Education,0
59,113789.0,301.0,47864,24.0,High School,Married,4,Mortgage,Education,1
30,62078.0,524.0,13472,20.0,High School,Married,0,Rent,Personal,1
68,126288.0,415.0,28383,36.0,PhD,Single,1,Rent,Education,1
49,103524.0,402.0,9249,37.0,Master,Married,1,Rent,Business,1
56,116573.0,493.0,39518,0.0,PhD,Divorced,3,Mortgage,Home,1
66,32219.0,465.0,23351,24.0,Bachelor,Single,4,Rent,Personal,0
69,20235.0,389.0,9088,35.0,Master,Divorced,4,Rent,Personal,0
49,62929.0,421.0,20282,16.0,Bachelor,Married,1,Rent,Education,0
21,147309.0,442.0,24330,23.0,PhD,Married,0,Own,Personal,1
47,87444.0,405.0,47409,1.0,Master,Divorced,0,Rent,Home,0
54,28567.0,727.0,26778,39.0,Bachelor,Married,0,Mortgage,Personal,1
40,121834.0,604.0,29264,14.0,PhD,Single,4,Mortgage,Home,1
56,90792.0,616.0,10075,31.0,PhD,Divorced,3,Own,Business,1
62,85441.0,308.0,15412,38.0,Master,Single,1,Mortgage,Business,1
32,104555.0,372.0,33365,5.0,PhD,Divorced,2,Mortgage,Home,0
60,93698.0,658.0,12230,0.0,High School,Married,3,Own,Education,1
46,144450.0,522.0,16002,22.0,Bachelor,Divorced,2,Rent,Personal,1
53,137248.0,715.0,18947,38.0,Bachelor,Divorced,3,Own,Education,1
30,25415.0,669.0,18686,16.0,PhD,Single,0,Rent,Personal,0
49,56159.0,563.0,34304,33.0,PhD,Married,4,Rent,Business,1
24,63925.0,617.0,18074,28.0,High School,Single,2,Mortgage,Business,1
68,146523.0,383.0,9493,8.0,Master,Married,3,Own,Business,1
39,25951.0,617.0,39228,,PhD,Single,4,Mortgage,Personal,0
45,107388.0,410.0,19140,5.0,PhD,Divorced,2,Mortgage,Business,0
19,28007.0,550.0,36655,5.0,PhD,Single,1,Rent,Business,0
59,146730.0,682.0,48472,19.0,PhD,Married,3,Mortgage,Business,1
62,61832.0,306.0,11816,2.0,Bachelor,Married,1,Own,Business,0
23,78596.0,758.0,16639,16.0,PhD,Divorced,0,Mortgage,Education,1
45,141101.0,383.0,34492,11.0,Bachelor,Married,1,Mortgage,Business,1
45,50523.0,507.0,16240,0.0,PhD,Single,1,Rent,Business,0
61,108861.0,689.0,37698,16.0,Master,Divorced,3,Own,Education,1
61,144194.0,613.0,31957,2.0,High School,Married,0,Mortgage,Education,1
37,106740.0,321.0,37808,25.0,Master,Married,1,Rent,Personal,1
47,35524.0,709.0,10827,14.0,PhD,Single,4,Mortgage,Home,1
28,149028.0,814.0,37762,35.0,PhD,Single,2,Own,Business,1
45,39282.0,426.0,13259,31.0,PhD,Divorced,1,Mortgage,Business,0
42,43930.0,313.0,19849,31.0,Master,Married,0,Mortgage,Business,0
56,20077.0,311.0,21232,3.0,PhD,Single,1,Rent,Personal,0
50,125881.0,386.0,45572,17.0,Master,Divorced,2,Mortgage,Business,1
18,145501.0,823.0,29173,18.0,Bachelor,Married,0,Rent,Home,1
44,40611.0,836.0,10374,,High School,Married,3,Own,Education,1
69,36984.0,600.0,26174,39.0,High School,Divorced,0,Mortgage,Personal,1
30,34060.0,542.0,28567,,Master,Divorced,3,Own,Education,0
58,,421.0,40292,32.0,Bachelor,Single,0,Own,Business,1
20,104056.0,446.0,14277,13.0,Master,Married,2,Mortgage,Business,0
56,145329.0,655.0,36600,33.0,Bachelor,Married,2,Rent,Business,1
23,,608.0,14885,3.0,PhD,Married,0,Own,Home,0
25,79207.0,587.0,5778,23.0,Bachelor,Divorced,1,Own,Home,1
44,95046.0,606.0,34165,28.0,Bachelor,Single,2,Mortgage,Personal,1
26,49287.0,848.0,6492,18.0,Bachelor,Married,3,Mortgage,Education,1
54,113709.0,651.0,35462,5.0,High School,Divorced,3,Mortgage,Business,1
50,59711.0,,18615,32.0,Bachelor,Married,4,Mortgage,Business,1
68,31954.0,358.0,49900,39.0,PhD,Single,3,Mortgage,Business,0
59,93340.0,334.0,47946,18.0,PhD,Married,4,Mortgage,Business,1
61,92101.0,744.0,12851,0.0,PhD,Single,0,Rent,Home,1
41,91520.0,392.0,21288,4.0,Bachelor,Single,0,Own,Education,0
32,107062.0,506.0,12156,26.0,Master,Married,0,Rent,Education,1
49,122974.0,652.0,7044,15.0,Master,Married,1,Rent,Personal,1
49,38574.0,631.0,12368,5.0,PhD,Single,1,Mortgage,Home,0
41,29184.0,458.0,24900,39.0,High School,Divorced,4,Own,Business,1
58,39096.0,323.0,35600,12.0,Master,Single,3,Rent,Education,0
69,87728.0,703.0,30634,34.0,Bachelor,Married,3,Mortgage,Education,1
66,54016.0,815.0,14168,18.0,Master,Married,0,Mortgage,Home,1
66,31246.0,663.0,25961,11.0,PhD,Divorced,2,Own,Personal,0
69,65558.0,681.0,49096,15.0,High School,Single,1,Rent,Personal,1
29,,831.0,28852,9.0,Master,Single,1,Rent,Business,1
56,38381.0,451.0,38110,24.0,Master,Single,0,Rent,Personal,0
19,147796.0,719.0,37174,19.0,PhD,Married,1,Mortgage,Education,1
20,56455.0,549.0,39215,30.0,High School,Single,0,Own,Personal,1
66,112263.0,416.0,31955,3.0,High School,Divorced,4,Own,Business,1
54,24018.0,811.0,11581,22.0,PhD,Married,3,Rent,Education,1
66,31302.0,634.0,49619,1.0,Bachelor,Married,2,Mortgage,Personal,0
34,87506.0,717.0,11317,21.0,Master,Single,3,Rent,Personal,1
66,61157.0,594.0,47856,36.0,Bachelor,Divorced,3,Own,Home,1
19,74917.0,670.0,31649,7.0,Master,Married,4,Mortgage,Business,1
19,,485.0,28132,6.0,Master,Married,1,Rent,Personal,1
45,116646.0,545.0,21789,13.0,Bachelor,Single,2,Rent,Home,1
40,103122.0,567.0,19567,2.0,PhD,Single,1,Mortgage,Education,1
54,44519.0,536.0,19868,15.0,PhD,Divorced,3,Own,Home,1
49,116809.0,829.0,29370,18.0,Master,Single,0,Mortgage,Home,1
50,107487.0,320.0,47533,17.0,PhD,Divorced,3,Rent,Personal,0
18,76819.0,819.0,35483,15.0,Master,Married,1,Rent,Personal,1
36,100910.0,399.0,17466,7.0,PhD,Divorced,3,Rent,Personal,0
19,140430.0,777.0,33803,32.0,Master,Divorced,0,Rent,Home,1
61,91324.0,597.0,23230,11.0,PhD,Divorced,4,Own,Education,1
43,25408.0,825.0,22862,10.0,High School,Married,1,Own,Business,1
49,79379.0,633.0,48355,,Bachelor,Single,3,Rent,Home,1
23,45053.0,301.0,36259,26.0,High School,Married,1,Own,Personal,0
49,29446.0,674.0,38539,11.0,Bachelor,Single,4,Own,Business,0
21,20922.0,592.0,26909,16.0,Bachelor,Divorced,3,Own,Education,0
28,118723.0,617.0,35795,5.0,Master,Divorced,3,Rent,Business,1
34,71356.0,801.0,13770,32.0,Bachelor,Divorced,1,Mortgage,Personal,1
55,30789.0,680.0,16093,4.0,High School,Divorced,1,Mortgage,Home,0
41,117720.0,313.0,5193,27.0,High School,Divorced,0,Mortgage,Home,1
22,86656.0,803.0,39775,13.0,PhD,Single,4,Rent,Personal,1
69,64028.0,530.0,22569,4.0,High School,Single,0,Own,Home,0
51,84484.0,383.0,16190,32.0,PhD,Divorced,3,Own,Personal,1
23,52154.0,429.0,47752,18.0,Bachelor,Married,1,Rent,Home,0
39,102870.0,444.0,37327,21.0,High School,Married,3,Rent,Home,1
28,22336.0,327.0,47070,4.0,Bachelor,Divorced,3,Mortgage,Home,0
65,123677.0,365.0,25389,1.0,High School,Single,2,Mortgage,Education,0
33,87779.0,462.0,45197,29.0,High School,Married,2,Rent,Education,1
50,39029.0,528.0,7261,38.0,PhD,Married,3,Mortgage,Personal,1
26,79201.0,560.0,33369,3.0,Bachelor,Married,1,Own,Education,1
23,52265.0,748.0,31512,32.0,High School,Divorced,3,Rent,Personal,1
33,122916.0,723.0,11716,,Master,Married,2,Rent,Business,1
46,,759.0,26259,19.0,Bachelor,Married,1,Own,Business,1
20,136553.0,600.0,33933,6.0,Bachelor,Married,3,Own,Education,1
37,63872.0,602.0,46689,14.0,Bachelor,Married,4,Own,Business,0
53,66197.0,586.0,9378,22.0,PhD,Single,4,Mortgage,Business,1
36,145733.0,694.0,45583,13.0,Master,Divorced,3,Rent,Home,1
43,75180.0,309.0,24835,22.0,Bachelor,Divorced,1,Mortgage,Home,0
20,43710.0,569.0,34033,18.0,High School,Single,3,Own,Personal,0
36,49486.0,660.0,29000,28.0,High School,Single,3,Mortgage,Business,1
37,91907.0,556.0,15332,19.0,PhD,Divorced,2,Own,Personal,1
49,148876.0,432.0,47604,28.0,High School,Married,4,Mortgage,Personal,1
24,91895.0,575.0,7800,23.0,Bachelor,Married,2,Mortgage,Business,1
69,84435.0,812.0,34538,17.0,High School,Divorced,2,Own,Education,1
58,60631.0,612.0,35119,9.0,Bachelor,Married,3,Mortgage,Business,1
50,149038.0,583.0,13333,7.0,High School,Single,2,Rent,Home,1
57,121532.0,420.0,10410,25.0,Master,Married,4,Mortgage,Business,1
56,40103.0,406.0,22839,28.0,PhD,Married,2,Mortgage,Education,0
35,84772.0,503.0,35519,9.0,PhD,Married,4,Rent,Personal,1
57,146108.0,464.0,10808,16.0,Master,Divorced,2,Own,Personal,1
18,34382.0,604.0,11796,1.0,Master,Single,4,Rent,Home,0
28,104291.0,796.0,26180,5.0,PhD,Married,2,Mortgage,Home,1
45,121195.0,,48056,4.0,Master,Divorced,2,Own,Home,0
42,23756.0,666.0,22709,27.0,Bachelor,Married,1,Mortgage,Personal,1
67,40609.0,550.0,22543,4.0,High School,Single,4,Mortgage,Home,0
40,134074.0,633.0,42418,17.0,PhD,Married,4,Rent,Business,1
48,36478.0,810.0,34075,25.0,Master,Single,4,Rent,Personal,1
47,120978.0,592.0,42755,19.0,Bachelor,Married,0,Own,Education,1
59,59666.0,319.0,42465,26.0,PhD,Single,2,Own,Personal,0
52,95683.0,581.0,35502,11.0,Master,Married,4,Own,Business,1
24,119097.0,300.0,21724,6.0,PhD,Single,0,Mortgage,Business,0
33,144714.0,418.0,8828,2.0,Master,Married,1,Rent,Home,1
43,,334.0,22087,9.0,PhD,Married,4,Rent,Personal,0
65,91315.0,497.0,17605,33.0,Bachelor,Divorced,4,Rent,Personal,1
69,97834.0,784.0,36337,24.0,Bachelor,Divorced,0,Own,Personal,1
66,,358.0,10482,34.0,High School,Single,2,Rent,Education,1
19,34153.0,460.0,32005,15.0,PhD,Married,1,Rent,Home,0
18,129415.0,505.0,27760,1.0,High School,Single,4,Rent,Business,1
65,96325.0,,10463,23.0,PhD,Divorced,2,Own,Business,1
29,129701.0,789.0,9912,,Master,Single,1,Rent,Home,1
22,32999.0,575.0,9648,,Master,Single,3,Own,Business,1
54,75318.0,541.0,38623,21.0,High School,Divorced,3,Rent,Business,1
49,20814.0,515.0,40634,25.0,PhD,Married,1,Rent,Home,1
26,135033.0,550.0,49602,38.0,High School,Single,0,Rent,Business,1
58,96077.0,425.0,8112,26.0,Bachelor,Divorced,1,Own,Personal,1
52,110474.0,516.0,27054,28.0,High School,Married,1,Own,Education,1
36,22443.0,605.0,9492,37.0,High School,Divorced,0,Rent,Home,1
65,95993.0,484.0,27207,19.0,Master,Single,0,Mortgage,Education,1
33,95916.0,338.0,20114,26.0,High School,Married,2,Own,Business,1
20,93319.0,522.0,39285,19.0,PhD,Married,2,Own,Business,1
37,145885.0,483.0,21018,18.0,Master,Divorced,0,Rent,Personal,1
41,129777.0,794.0,26386,19.0,High School,Divorced,3,Mortgage,Home,1
50,37368.0,726.0,22740,34.0,Bachelor,Divorced,3,Rent,Business,1
41,35328.0,477.0,49199,1.0,High School,Married,1,Own,Home,0
69,76942.0,727.0,13210,29.0,High School,Married,4,Own,Home,1
28,111751.0,593.0,49363,33.0,High School,Single,1,Rent,Home,1
66,119131.0,450.0,17743,21.0,Master,Married,1,Rent,Home,1
25,47306.0,683.0,47092,2.0,PhD,Single,4,Mortgage,Home,0
53,105451.0,607.0,49299,5.0,Bachelor,Divorced,0,Mortgage,Education,1
55,59915.0,635.0,11588,14.0,High School,Divorced,3,Own,Personal,1
57,57219.0,674.0,8311,26.0,PhD,Married,1,Mortgage,Home,1
37,100879.0,307.0,27432,9.0,PhD,Divorced,4,Mortgage,Education,0
52,131939.0,640.0,38755,8.0,Master,Divorced,2,Own,Business,1
65,84644.0,428.0,8321,32.0,Bachelor,Married,1,Own,Home,1
42,80279.0,651.0,20812,31.0,Master,Single,3,Own,Business,1
52,73028.0,657.0,42383,5.0,PhD,Married,0,Own,Home,1
42,124263.0,816.0,18146,35.0,PhD,Single,1,Rent,Education,1
46,20126.0,794.0,18654,1.0,PhD,Married,1,Own,Education,1
35,72329.0,385.0,40820,28.0,Master,Married,4,Own,Education,1
63,47632.0,474.0,5726,3.0,Bachelor,Divorced,2,Own,Personal,0
35,,492.0,8760,0.0,High School,Married,2,Mortgage,Business,0
19,85310.0,610.0,27190,18.0,Master,Married,0,Own,Personal,1
52,129945.0,418.0,6875,25.0,PhD,Single,3,Rent,Home,1
33,75176.0,517.0,28377,24.0,Master,Divorced,0,Rent,Business,1
58,139797.0,726.0,9033,9.0,PhD,Single,1,Own,Education,1
53,106066.0,713.0,43211,14.0,High School,Single,1,Rent,Business,1
50,125500.0,413.0,22373,21.0,High School,Divorced,2,Mortgage,Education,1
21,146413.0,444.0,8744,20.0,Bachelor,Divorced,3,Own,Personal,1
50,,837.0,29995,21.0,PhD,Divorced,4,Rent,Personal,1
31,88904.0,602.0,21977,35.0,Bachelor,Married,3,Rent,Education,1
38,23797.0,644.0,37402,33.0,Bachelor,Divorced,1,Own,Education,1
65,67882.0,300.0,39542,29.0,High School,Divorced,4,Rent,Home,0
37,33718.0,446.0,15651,,Master,Divorced,3,Own,Personal,0
25,54560.0,586.0,38703,27.0,Master,Single,3,Rent,Personal,1
24,96589.0,352.0,18395,0.0,Bachelor,Single,4,Mortgage,Home,0
20,42116.0,603.0,34808,3.0,High School,Married,1,Rent,Personal,0
34,56244.0,368.0,41576,6.0,PhD,Single,3,Rent,Education,0
50,121721.0,660.0,21715,8.0,Master,Married,4,Own,Business,1
65,21645.0,519.0,49409,35.0,Bachelor,Single,1,Rent,Business,0
29,67523.0,460.0,29306,18.0,Master,Divorced,4,Own,Personal,0
68,144085.0,,24086,0.0,Master,Single,4,Mortgage,Home,0
39,137718.0,458.0,19376,9.0,PhD,Married,3,Own,Education,1
39,39256.0,788.0,10889,35.0,High School,Single,1,Own,Business,1
63,121376.0,623.0,42822,8.0,PhD,Divorced,3,Rent,Education,1
47,120158.0,680.0,41636,31.0,High School,Married,0,Mortgage,Personal,1
55,73173.0,401.0,25584,31.0,Master,Divorced,0,Own,Personal,1
55,57430.0,,39610,5.0,Bachelor,Divorced,1,Rent,Business,1
62,59282.0,318.0,15058,37.0,PhD,Married,4,Rent,Personal,0
68,139719.0,753.0,14101,16.0,High School,Divorced,3,Own,Home,1
25,83374.0,781.0,17497,9.0,Master,Divorced,3,Rent,Personal,1
44,88244.0,696.0,9658,26.0,High School,Single,1,Own,Personal,1
44,31694.0,578.0,16381,34.0,High School,Divorced,1,Own,Personal,1
51,76264.0,664.0,45312,20.0,High School,Divorced,0,Own,Education,1
38,95060.0,630.0,45486,24.0,Master,Divorced,2,Mortgage,Education,1
47,117416.0,643.0,22154,27.0,Bachelor,Divorced,1,Own,Business,1
50,77545.0,754.0,24539,14.0,Bachelor,Married,2,Rent,Business,1
45,138195.0,364.0,16777,3.0,Bachelor,Single,1,Mortgage,Business,1
64,59224.0,375.0,39396,28.0,High School,Divorced,4,Rent,Personal,1
50,122516.0,442.0,35373,8.0,Master,Divorced,4,Mortgage,Education,1
22,117945.0,772.0,38154,26.0,High School,Married,0,Mortgage,Home,1
65,33224.0,716.0,11031,25.0,Bachelor,Divorced,0,Mortgage,Personal,1
36,60738.0,604.0,32997,18.0,Bachelor,Married,2,Mortgage,Personal,1
21,45150.0,796.0,11439,27.0,Master,Single,1,Rent,Personal,1
52,83731.0,590.0,27785,16.0,High School,Single,3,Own,Home,1
66,69688.0,401.0,18392,19.0,PhD,Divorced,0,Rent,Business,1
34,,566.0,33669,39.0,PhD,Divorced,3,Own,Home,1
61,128618.0,302.0,33939,38.0,Bachelor,Divorced,3,Rent,Business,1
45,93509.0,384.0,7282,22.0,Master,Married,1,Mortgage,Home,1
47,28577.0,627.0,39624,31.0,High School,Divorced,2,Mortgage,Education,1
46,28070.0,749.0,29364,32.0,High School,Divorced,1,Own,Personal,1
63,146161.0,753.0,6998,4.0,Bachelor,Single,0,Own,Personal,1
23,28666.0,520.0,36705,33.0,Bachelor,Divorced,3,Rent,Personal,0
52,77761.0,453.0,43244,39.0,High School,Single,1,Own,Business,1
58,141178.0,311.0,14428,10.0,High School,Divorced,1,Rent,Home,1
54,56368.0,432.0,42437,2.0,Bachelor,Single,1,Own,Education,0
41,26783.0,603.0,17336,32.0,High School,Divorced,0,Own,Home,1
46,131530.0,592.0,14342,10.0,PhD,Single,2,Own,Personal,1
66,61914.0,599.0,44832,15.0,Bachelor,Married,1,Mortgage,Education,1
63,90507.0,342.0,12446,17.0,High School,Single,0,Mortgage,Education,0
48,147738.0,642.0,43392,29.0,Bachelor,Single,3,Rent,Personal,1
52,99026.0,625.0,12461,9.0,Master,Single,4,Own,Home,1
50,135893.0,797.0,39587,17.0,Bachelor,Divorced,0,Rent,Personal,1
69,131255.0,663.0,15516,37.0,Bachelor,Divorced,4,Own,Home,1
38,130616.0,726.0,18749,,Master,Divorced,1,Mortgage,Education,1
49,87526.0,320.0,22514,35.0,PhD,Married,1,Mortgage,Education,1
40,90835.0,706.0,40426,12.0,High School,Married,0,Own,Personal,1
50,65765.0,635.0,41268,2.0,Master,Single,4,Own,Education,0
20,39956.0,416.0,29950,9.0,Bachelor,Married,1,Mortgage,Business,0
35,107895.0,423.0,39888,37.0,High School,Single,3,Mortgage,Education,1
42,66240.0,698.0,41788,0.0,Master,Single,2,Rent,Business,1
59,141008.0,350.0,15213,26.0,High School,Single,2,Mortgage,Education,1
48,57148.0,623.0,41027,7.0,High School,Married,1,Own,Personal,0
20,114270.0,440.0,33011,16.0,Master,Divorced,4,Rent,Personal,1
57,147978.0,769.0,47849,8.0,High School,Married,1,Own,Business,1
63,24757.0,633.0,39591,5.0,PhD,Single,4,Rent,Personal,0
41,39097.0,672.0,22858,24.0,Master,Single,3,Own,Education,1
67,30395.0,793.0,23626,38.0,PhD,Married,4,Mortgage,Education,1
49,36241.0,838.0,18467,27.0,Bachelor,Single,1,Own,Personal,1
64,123892.0,455.0,44758,,High School,Single,3,Rent,Education,1
39,47696.0,590.0,8134,36.0,Bachelor,Married,0,Own,Home,1
40,135654.0,443.0,21743,8.0,Bachelor,Married,2,Rent,Home,1
19,90480.0,405.0,20434,17.0,High School,Married,1,Own,Education,1
44,66163.0,719.0,15233,20.0,Master,Single,1,Mortgage,Personal,1
59,39816.0,301.0,6141,1.0,High School,Single,1,Mortgage,Business,0
19,69840.0,389.0,23019,37.0,Bachelor,Divorced,3,Own,Personal,1
43,122547.0,644.0,25384,39.0,Bachelor,Divorced,0,Own,Business,1
34,72853.0,649.0,47903,35.0,Master,Married,4,Own,Personal,1
57,44917.0,758.0,41129,36.0,High School,Divorced,0,Rent,Education,1
50,116731.0,562.0,27967,14.0,Bachelor,Single,3,Own,Home,1
26,41566.0,,45603,27.0,PhD,Divorced,1,Own,Personal,1
60,95452.0,407.0,16172,17.0,Bachelor,Single,2,Rent,Business,1
65,82823.0,338.0,21390,33.0,Bachelor,Married,1,Mortgage,Home,1
56,141392.0,458.0,8267,21.0,Master,Married,4,Own,Business,1
46,40806.0,611.0,44332,10.0,PhD,Single,2,Own,Education,0
59,95520.0,540.0,31167,12.0,Bachelor,Divorced,1,Mortgage,Home,1
43,21759.0,744.0,26312,3.0,Bachelor,Married,2,Mortgage,Business,0
52,146092.0,597.0,32840,21.0,PhD,Married,0,Rent,Personal,1
67,61949.0,335.0,23990,6.0,High School,Divorced,3,Own,Education,0
42,112374.0,383.0,49179,23.0,High School,Divorced,1,Own,Education,1
41,22482.0,751.0,10906,3.0,Bachelor,Single,4,Rent,Education,0
30,44442.0,684.0,45379,27.0,Bachelor,Divorced,0,Mortgage,Personal,1
24,53719.0,471.0,22297,14.0,High School,Divorced,1,Rent,Personal,0
53,78066.0,675.0,7011,0.0,Master,Divorced,0,Mortgage,Home,1
62,113501.0,,49014,2.0,PhD,Single,4,Rent,Personal,1
37,22079.0,440.0,16738,13.0,PhD,Single,1,Mortgage,Home,0
18,22717.0,,33797,37.0,Master,Married,4,Rent,Education,0
25,79676.0,576.0,16120,0.0,Master,Single,2,Mortgage,Home,0
63,47952.0,,13767,37.0,Master,Married,4,Mortgage,Business,1
33,106444.0,325.0,27852,,Master,Divorced,2,Mortgage,Education,1
31,62460.0,820.0,18703,20.0,Master,Married,1,Mortgage,Education,1
29,110397.0,309.0,5929,28.0,Master,Married,2,Mortgage,Home,1
68,92847.0,677.0,16951,4.0,PhD,Divorced,1,Own,Education,1
40,113607.0,451.0,31039,9.0,Master,Married,1,Mortgage,Personal,1
32,109106.0,,34504,27.0,High School,Single,3,Own,Business,1
45,38449.0,453.0,22438,20.0,Master,Single,1,Mortgage,Home,0
51,53536.0,592.0,10744,6.0,Master,Single,2,Own,Home,0
19,84077.0,349.0,23284,2.0,PhD,Single,3,Own,Education,0
49,58258.0,830.0,47417,19.0,PhD,Married,3,Rent,Personal,1
40,68302.0,359.0,44748,18.0,Master,Married,1,Mortgage,Education,0
39,145937.0,466.0,12069,34.0,PhD,Divorced,4,Rent,Education,1
68,48865.0,501.0,47359,3.0,Bachelor,Married,4,Rent,Home,0
42,26645.0,445.0,24799,4.0,PhD,Married,3,Mortgage,Education,0
39,139771.0,738.0,38210,0.0,PhD,Married,1,Rent,Business,1
39,58000.0,,33226,3.0,PhD,Divorced,4,Mortgage,Education,0
66,46737.0,782.0,9652,11.0,PhD,Single,1,Rent,Education,1
69,31485.0,407.0,29323,26.0,High School,Married,1,Mortgage,Home,0
59,58565.0,525.0,47138,,High School,Divorced,3,Mortgage,Education,1
23,45522.0,731.0,12597,24.0,High School,Divorced,3,Mortgage,Personal,1
32,139614.0,718.0,42226,20.0,Master,Divorced,0,Own,Home,1
60,85155.0,754.0,11591,23.0,Master,Single,4,Rent,Education,1
54,,,30833,24.0,Bachelor,Married,4,Own,Business,1
50,72487.0,822.0,16826,31.0,High School,Divorced,4,Rent,Business,1
25,149948.0,376.0,31417,31.0,Master,Single,2,Rent,Home,1
61,32342.0,808.0,23693,4.0,PhD,Divorced,1,Rent,Home,1
61,60806.0,740.0,19138,35.0,PhD,Divorced,3,Own,Education,1
22,68770.0,553.0,7169,38.0,High School,Divorced,4,Rent,Personal,1
56,98623.0,619.0,23556,15.0,Bachelor,Divorced,0,Own,Education,1
21,123177.0,562.0,27052,32.0,Bachelor,Divorced,4,Mortgage,Business,1
23,119785.0,673.0,11313,20.0,PhD,Single,1,Rent,Personal,1
62,95629.0,466.0,13315,,Bachelor,Married,1,Rent,Personal,1
49,140993.0,758.0,13036,5.0,High School,Married,3,Mortgage,Personal,1
69,72603.0,579.0,36778,34.0,PhD,Married,2,Mortgage,Education,1
47,146944.0,601.0,32734,38.0,Master,Married,3,Rent,Business,1
64,,830.0,28173,21.0,Master,Single,4,Mortgage,Home,1
52,101974.0,517.0,35403,4.0,Bachelor,Single,0,Own,Education,1
57,125947.0,401.0,5785,22.0,PhD,Single,3,Own,Home,1
69,46399.0,587.0,11139,16.0,PhD,Divorced,2,Rent,Personal,0
33,148177.0,466.0,11344,11.0,Master,Divorced,3,Own,Personal,1
30,105382.0,335.0,23800,22.0,PhD,Divorced,1,Own,Education,0
67,101244.0,652.0,30372,15.0,PhD,Married,4,Rent,Business,1
59,129575.0,372.0,25538,2.0,PhD,Divorced,4,Mortgage,Personal,0
47,,652.0,19973,29.0,Bachelor,Married,4,Rent,Home,1
36,130904.0,369.0,10619,21.0,PhD,Divorced,4,Own,Home,1
34,96534.0,724.0,39704,8.0,High School,Married,4,Rent,Education,1
36,75106.0,816.0,41575,28.0,Bachelor,Divorced,4,Rent,Home,1
45,132599.0,727.0,44919,36.0,PhD,Divorced,0,Own,Business,1
43,50678.0,838.0,47261,22.0,PhD,Single,2,Own,Personal,1
54,96218.0,459.0,32716,12.0,High School,Divorced,4,Rent,Home,0
43,83230.0,,8236,31.0,Bachelor,Divorced,2,Own,Home,1
40,134684.0,529.0,20848,22.0,Master,Single,4,Own,Personal,1
26,94055.0,366.0,7352,16.0,Master,Married,3,Own,Education,1
29,76373.0,680.0,6932,39.0,Bachelor,Single,4,Own,Home,1
18,51480.0,357.0,15913,20.0,PhD,Single,1,Own,Education,0
18,105230.0,558.0,13556,1.0,PhD,Married,0,Own,Education,1
64,88836.0,641.0,26300,36.0,Master,Divorced,3,Mortgage,Home,1
51,92258.0,429.0,10498,5.0,Master,Married,3,Rent,Business,1
49,59986.0,471.0,15582,17.0,Master,Divorced,1,Own,Education,0
65,44160.0,,14569,29.0,High School,Divorced,4,Rent,Home,0
42,105595.0,653.0,9857,21.0,Master,Married,0,Mortgage,Education,1
57,121358.0,770.0,5340,32.0,High School,Single,3,Own,Personal,1
62,99111.0,415.0,48949,29.0,Bachelor,Married,0,Rent,Business,1
18,84929.0,563.0,21766,16.0,PhD,Divorced,3,Own,Business,1
33,93506.0,741.0,31132,31.0,Master,Married,4,Own,Personal,1
56,54911.0,847.0,13491,13.0,PhD,Married,3,Own,Personal,1
22,107127.0,752.0,5138,9.0,PhD,Divorced,3,Own,Education,1
39,51821.0,,5358,35.0,Master,Single,2,Own,Personal,1
46,95039.0,586.0,14714,33.0,Master,Married,4,Own,Business,1
20,80535.0,,24840,8.0,Bachelor,Divorced,1,Own,Personal,0
29,133453.0,610.0,39395,27.0,High School,Divorced,1,Mortgage,Home,1
43,104458.0,507.0,35654,10.0,High School,Married,4,Mortgage,Home,1
33,32175.0,745.0,30879,13.0,PhD,Single,1,Own,Education,1
68,139235.0,354.0,20996,38.0,Master,Married,4,Own,Business,1
54,74771.0,311.0,42772,18.0,Bachelor,Single,1,Mortgage,Home,0
39,126660.0,699.0,31762,14.0,Bachelor,Single,2,Mortgage,Personal,1
46,147157.0,,18283,27.0,Bachelor,Single,1,Mortgage,Home,1
31,141300.0,841.0,44420,23.0,Bachelor,Single,3,Own,Home,1
45,106925.0,,24554,7.0,Bachelor,Married,4,Rent,Education,1
22,133374.0,578.0,25219,8.0,High School,Divorced,0,Rent,Personal,1
64,86358.0,647.0,39919,32.0,High School,Divorced,0,Rent,Personal,1
66,,403.0,14429,32.0,High School,Divorced,4,Rent,Personal,0
47,67057.0,816.0,49695,18.0,Master,Divorced,2,Own,Education,1
63,26150.0,547.0,44673,2.0,PhD,Divorced,1,Rent,Personal,0
69,24425.0,663.0,24218,9.0,Bachelor,Divorced,2,Mortgage,Personal,0
22,143654.0,620.0,17452,39.0,Master,Married,0,Mortgage,Home,1
29,36032.0,585.0,23951,0.0,Bachelor,Single,4,Rent,Home,0
33,22198.0,448.0,6307,28.0,High School,Divorced,4,Mortgage,Personal,0
43,80500.0,383.0,19852,33.0,Master,Married,2,Own,Business,1
43,73394.0,705.0,30232,12.0,High School,Divorced,2,Rent,Business,1
65,40079.0,755.0,40428,0.0,Bachelor,Divorced,1,Rent,Personal,1
38,56220.0,460.0,48171,33.0,Bachelor,Single,3,Own,Business,1
56,61874.0,759.0,31485,28.0,PhD,Single,3,Mortgage,Education,1
53,33859.0,849.0,15238,12.0,Bachelor,Single,1,Own,Home,1
50,70460.0,799.0,43975,28.0,High School,Divorced,3,Own,Education,1
47,51419.0,808.0,6140,38.0,Bachelor,Divorced,0,Mortgage,Home,1
54,138865.0,780.0,29842,23.0,PhD,Divorced,3,Own,Business,1
40,28705.0,413.0,31421,,PhD,Single,1,Mortgage,Business,0
27,,660.0,6708,16.0,High School,Married,3,Mortgage,Personal,1
22,149838.0,640.0,8630,6.0,Master,Divorced,4,Own,Business,1
53,43236.0,748.0,24595,12.0,Bachelor,Divorced,2,Mortgage,Business,0
51,107955.0,479.0,15485,4.0,PhD,Divorced,0,Own,Personal,1
69,105514.0,706.0,33308,25.0,Bachelor,Married,4,Mortgage,Personal,1
48,123145.0,495.0,49789,2.0,Bachelor,Divorced,4,Rent,Home,1
27,35358.0,765.0,31086,6.0,Master,Married,1,Mortgage,Business,0
36,119713.0,610.0,21859,38.0,PhD,Divorced,2,Mortgage,Home,1
49,114914.0,561.0,12684,0.0,Bachelor,Married,2,Own,Home,1
18,122870.0,718.0,30552,16.0,PhD,Divorced,0,Mortgage,Education,1
22,96918.0,705.0,6207,24.0,High School,Single,1,Rent,Business,1
62,139179.0,442.0,6960,2.0,High School,Single,0,Rent,Business,1
21,136243.0,641.0,5557,14.0,Bachelor,Single,3,Mortgage,Education,1
33,34596.0,,34689,28.0,PhD,Single,4,Mortgage,Home,1
41,53572.0,400.0,18893,31.0,Bachelor,Divorced,0,Rent,Business,1
33,98757.0,543.0,37272,25.0,PhD,Single,4,Own,Home,1
19,21279.0,789.0,5882,15.0,PhD,Married,1,Rent,Education,0
66,83197.0,311.0,42529,24.0,Master,Single,3,Rent,Personal,1
45,131496.0,538.0,43635,27.0,Master,Single,1,Mortgage,Home,1
49,82516.0,341.0,34535,8.0,Master,Single,3,Mortgage,Business,0
44,27083.0,728.0,17869,0.0,Bachelor,Divorced,3,Rent,Personal,0
37,140674.0,457.0,12166,,Master,Single,4,Own,Home,1
41,140307.0,515.0,17982,21.0,Master,Married,1,Rent,Home,1
29,146457.0,761.0,45697,15.0,High School,Single,1,Rent,Personal,1
67,129397.0,433.0,43115,6.0,PhD,Single,0,Own,Personal,1
52,37771.0,366.0,12269,13.0,PhD,Single,1,Rent,Personal,0
50,49975.0,306.0,33064,28.0,Master,Married,0,Rent,Business,0
50,65648.0,825.0,18527,18.0,PhD,Single,2,Mortgage,Business,1
68,145641.0,372.0,7454,18.0,High School,Married,2,Own,Home,1
60,68285.0,698.0,25878,1.0,High School,Married,2,Mortgage,Home,1
54,39063.0,704.0,17991,14.0,Master,Single,1,Mortgage,Education,0
29,87642.0,429.0,7808,2.0,High School,Married,1,Own,Business,0
20,110093.0,765.0,44410,10.0,PhD,Divorced,0,Own,Home,1
18,134390.0,505.0,41593,29.0,Bachelor,Single,3,Rent,Personal,1
50,106143.0,565.0,41304,39.0,PhD,Single,0,Mortgage,Personal,1
57,57599.0,836.0,35386,17.0,Bachelor,Married,2,Own,Business,1
27,71920.0,552.0,8802,1.0,Master,Married,0,Mortgage,Personal,0
60,48529.0,588.0,33753,31.0,Bachelor,Single,3,Mortgage,Education,1
61,55954.0,463.0,26083,7.0,High School,Divorced,1,Own,Home,0
46,47856.0,394.0,23354,,PhD,Married,0,Rent,Home,0
30,22573.0,409.0,27190,5.0,Bachelor,Married,2,Mortgage,Home,0
29,98344.0,635.0,11142,11.0,PhD,Divorced,2,Own,Business,1
48,55367.0,537.0,33398,39.0,Master,Divorced,1,Rent,Personal,1
63,122337.0,680.0,46862,35.0,Master,Single,0,Mortgage,Education,1
19,126732.0,735.0,38132,14.0,High School,Divorced,3,Own,Business,1
68,119608.0,782.0,24503,27.0,Master,Single,1,Mortgage,Home,1
67,80774.0,324.0,39631,17.0,Bachelor,Divorced,0,Own,Education,0
52,43752.0,416.0,21499,1.0,Master,Married,4,Own,Home,0
40,75029.0,781.0,44852,12.0,High School,Single,2,Mortgage,Home,1
34,,691.0,13016,14.0,PhD,Single,3,Mortgage,Business,1
43,71693.0,836.0,7384,19.0,PhD,Single,3,Own,Home,1
25,136739.0,378.0,20072,28.0,Master,Divorced,3,Rent,Education,1
46,75961.0,472.0,41703,28.0,Bachelor,Married,2,Mortgage,Home,1
43,126937.0,311.0,19482,2.0,High School,Single,0,Own,Personal,0
27,144956.0,427.0,45510,18.0,Bachelor,Single,1,Own,Home,1
43,96908.0,391.0,26826,2.0,High School,Single,0,Rent,Business,0
51,145537.0,842.0,7490,13.0,Master,Single,1,Rent,Education,1
68,146678.0,831.0,30518,39.0,High School,Married,3,Rent,Business,1
58,94532.0,746.0,29045,3.0,High School,Divorced,0,Mortgage,Personal,1
24,101994.0,689.0,31910,10.0,Master,Married,3,Own,Home,1
21,76133.0,342.0,29566,30.0,Bachelor,Single,4,Own,Business,1
67,117425.0,553.0,38905,31.0,Master,Married,3,Own,Business,1
62,145055.0,429.0,32103,26.0,High School,Single,3,Rent,Business,1
28,81268.0,359.0,41188,29.0,Master,Divorced,1,Own,Business,0
46,112201.0,766.0,10845,,High School,Divorced,4,Mortgage,Personal,1
53,58243.0,586.0,26162,8.0,Master,Divorced,3,Rent,Personal,0
42,77384.0,816.0,41674,27.0,PhD,Single,3,Rent,Home,1
38,51653.0,766.0,24337,30.0,PhD,Married,4,Rent,Home,1
53,46657.0,644.0,27313,33.0,Master,Divorced,4,Rent,Education,1
27,59952.0,681.0,31943,14.0,Bachelor,Single,0,Mortgage,Personal,1
54,42180.0,552.0,17413,,High School,Single,1,Own,Business,1
26,,355.0,5276,35.0,PhD,Married,4,Mortgage,Business,1
41,141829.0,762.0,22611,7.0,Bachelor,Divorced,4,Own,Education,1
52,148377.0,756.0,44105,8.0,High School,Single,2,Mortgage,Business,1
66,98411.0,382.0,16944,36.0,PhD,Married,4,Rent,Education,1
52,,398.0,20906,38.0,PhD,Divorced,1,Rent,Home,0
65,68756.0,448.0,25536,31.0,Master,Married,3,Mortgage,Personal,1
53,60809.0,628.0,32810,16.0,High School,Married,3,Mortgage,Education,1
35,36725.0,455.0,17306,34.0,Bachelor,Single,3,Own,Business,1
66,81396.0,489.0,15503,36.0,Bachelor,Single,3,Mortgage,Education,1
56,71226.0,793.0,24225,18.0,Bachelor,Single,2,Mortgage,Home,1
49,,562.0,41976,28.0,High School,Married,4,Own,Business,1
41,101182.0,379.0,16590,6.0,Bachelor,Single,3,Own,Home,0
40,,699.0,15886,27.0,Bachelor,Married,0,Own,Home,1
49,49402.0,559.0,17866,8.0,Bachelor,Married,3,Mortgage,Education,0
54,24263.0,400.0,6088,27.0,Master,Single,4,Own,Home,0
29,143489.0,658.0,8363,5.0,Master,Divorced,3,Rent,Business,1
66,116523.0,,37792,28.0,High School,Divorced,2,Rent,Home,1
30,66828.0,520.0,14764,16.0,High School,Divorced,1,Rent,Home,1
40,140824.0,719.0,25620,15.0,Bachelor,Married,1,Mortgage,Education,1
42,,423.0,47727,22.0,Master,Married,4,Rent,Home,0
52,94182.0,721.0,17935,30.0,PhD,Married,1,Mortgage,Personal,1
58,113065.0,530.0,13068,2.0,PhD,Single,1,Mortgage,Education,1
47,79052.0,362.0,12295,20.0,Bachelor,Married,0,Rent,Education,0
34,31664.0,784.0,46160,,Bachelor,Single,4,Own,Business,1
66,55737.0,782.0,16390,35.0,Master,Single,4,Mortgage,Business,1
37,121332.0,818.0,46216,36.0,Master,Divorced,1,Rent,Business,1
65,109563.0,454.0,25131,21.0,Master,Divorced,1,Mortgage,Business,1
42,49373.0,391.0,34218,11.0,High School,Divorced,1,Own,Personal,0
39,137369.0,825.0,15433,12.0,High School,Single,2,Own,Education,1
30,56397.0,754.0,20038,10.0,Bachelor,Single,3,Rent,Home,1
36,148575.0,809.0,33182,15.0,High School,Single,2,Mortgage,Business,1
66,,,16528,7.0,Master,Married,4,Mortgage,Business,1
53,121371.0,685.0,26281,39.0,Master,Single,0,Mortgage,Business,1
29,58709.0,704.0,13605,39.0,High School,Divorced,3,Mortgage,Home,1
58,136074.0,545.0,39782,1.0,PhD,Divorced,0,Rent,Business,1
36,81120.0,770.0,6381,29.0,Bachelor,Single,4,Own,Home,1
29,39250.0,722.0,6098,29.0,PhD,Single,4,Rent,Education,1
26,41172.0,364.0,24810,11.0,Bachelor,Divorced,0,Mortgage,Education,0
24,31555.0,312.0,29322,9.0,PhD,Single,0,Mortgage,Education,0
45,107410.0,512.0,46869,10.0,High School,Divorced,0,Own,Personal,1
31,98617.0,541.0,37955,14.0,Bachelor,Married,4,Mortgage,Home,1
48,73276.0,792.0,49716,15.0,Bachelor,Divorced,1,Rent,Business,1
69,77492.0,512.0,15207,16.0,Bachelor,Married,0,Rent,Business,0
36,73002.0,,26793,25.0,Master,Single,3,Own,Business,1
64,140103.0,472.0,7092,1.0,Master,Single,4,Rent,Business,1
33,144938.0,463.0,33220,11.0,PhD,Married,2,Rent,Personal,1
22,109599.0,764.0,23514,25.0,High School,Single,2,Rent,Business,1
52,92355.0,796.0,43010,22.0,Master,Married,3,Rent,Personal,1
29,111248.0,694.0,13549,17.0,Bachelor,Single,1,Mortgage,Home,1
42,44762.0,607.0,27031,31.0,Master,Divorced,0,Rent,Education,1
69,31046.0,482.0,10185,37.0,High School,Single,4,Own,Business,1
38,,,20271,2.0,Master,Divorced,0,Own,Education,1
53,144130.0,845.0,10776,37.0,Bachelor,Divorced,4,Rent,Home,1
40,136021.0,526.0,17449,2.0,PhD,Married,2,Own,Home,1
33,48769.0,735.0,29297,29.0,Bachelor,Single,0,Rent,Business,1
56,73302.0,721.0,45591,0.0,High School,Married,3,Own,Home,1
62,43150.0,320.0,20717,29.0,PhD,Single,1,Own,Education,0
59,88247.0,696.0,45123,31.0,Master,Divorced,3,Rent,Business,1
56,24853.0,404.0,44233,27.0,Master,Divorced,1,Rent,Personal,0
31,114613.0,491.0,15350,20.0,Master,Single,0,Mortgage,Business,1
48,140900.0,316.0,35622,12.0,PhD,Single,0,Rent,Education,1
22,109399.0,419.0,40323,26.0,Bachelor,Married,1,Rent,Business,1
52,41792.0,692.0,7951,35.0,PhD,Single,2,Mortgage,Business,1
40,79129.0,724.0,22622,6.0,PhD,Single,4,Rent,Education,1
46,126019.0,428.0,9727,21.0,High School,Single,3,Rent,Business,1
60,94478.0,429.0,43454,9.0,PhD,Married,3,Mortgage,Business,1
28,133811.0,328.0,41469,38.0,Master,Single,3,Rent,Education,1
35,134130.0,396.0,40548,,Bachelor,Divorced,0,Rent,Home,1
64,87298.0,309.0,28782,14.0,Bachelor,Married,3,Mortgage,Education,0
29,51987.0,541.0,33454,3.0,Bachelor,Married,4,Mortgage,Business,0
26,35850.0,531.0,7368,31.0,Master,Divorced,4,Own,Personal,1
27,32112.0,583.0,20592,22.0,Master,Divorced,1,Rent,Personal,0
61,141789.0,499.0,27173,5.0,Master,Divorced,0,Own,Education,1
34,44058.0,378.0,38204,23.0,Master,Single,4,Own,Personal,0
55,65420.0,472.0,40596,19.0,Master,Divorced,2,Mortgage,Business,1
24,,766.0,39324,36.0,PhD,Single,0,Rent,Business,1
63,86017.0,715.0,28864,19.0,Master,Married,0,Rent,Education,1
30,67304.0,,35750,11.0,Master,Married,4,Mortgage,Business,1
57,52921.0,386.0,15576,32.0,Master,Divorced,2,Own,Home,0
59,125921.0,400.0,21566,27.0,Master,Single,1,Mortgage,Business,1
26,21524.0,307.0,12190,7.0,Bachelor,Divorced,4,Rent,Education,0
67,120424.0,499.0,28071,0.0,Master,Divorced,2,Mortgage,Home,1
44,35048.0,804.0,43333,36.0,PhD,Single,0,Rent,Home,1
19,55111.0,386.0,20369,21.0,PhD,Divorced,2,Own,Personal,0
22,57904.0,342.0,29035,5.0,PhD,Married,0,Rent,Business,0
46,74912.0,684.0,6589,20.0,High School,Divorced,4,Own,Education,1
54,54008.0,734.0,30235,31.0,Bachelor,Single,4,Own,Personal,1
55,,707.0,5159,,Master,Single,3,Rent,Personal,1
36,94666.0,782.0,17145,14.0,High School,Married,3,Rent,Business,1
25,103559.0,316.0,20373,4.0,Master,Single,3,Own,Business,0
65,75337.0,447.0,36921,5.0,High School,Single,4,Mortgage,Education,0
62,130616.0,576.0,44323,24.0,High School,Married,1,Rent,Personal,1
18,,531.0,21237,39.0,PhD,Divorced,4,Own,Education,1
39,44354.0,665.0,46971,28.0,PhD,Married,2,Own,Personal,1
69,65186.0,527.0,13244,6.0,High School,Divorced,4,Mortgage,Personal,0
34,48145.0,735.0,19743,39.0,PhD,Married,4,Rent,Personal,1
24,54020.0,698.0,36566,12.0,High School,Divorced,0,Own,Business,1
42,106123.0,510.0,23691,37.0,Bachelor,Married,0,Mortgage,Personal,1
62,126667.0,690.0,38996,17.0,PhD,Divorced,0,Own,Personal,1
21,95186.0,798.0,10590,1.0,PhD,Married,4,Rent,Personal,1
53,105469.0,839.0,10585,7.0,PhD,Divorced,1,Mortgage,Home,1
23,40581.0,790.0,14227,10.0,Bachelor,Married,2,Own,Business,1
48,108929.0,741.0,33278,32.0,High School,Single,2,Mortgage,Home,1
36,43051.0,560.0,43814,,Master,Divorced,1,Rent,Business,1
61,71474.0,649.0,17237,26.0,PhD,Married,1,Mortgage,Education,1
56,111748.0,651.0,20649,19.0,High School,Divorced,2,Rent,Home,1
44,145995.0,819.0,42713,11.0,Bachelor,Divorced,3,Own,Education,1
27,134618.0,619.0,12927,30.0,Master,Married,0,Rent,Personal,1
43,89626.0,437.0,12016,26.0,PhD,Divorced,0,Own,Education,1
36,26960.0,849.0,19027,31.0,Bachelor,Married,2,Own,Education,1
56,55772.0,667.0,29142,9.0,Bachelor,Single,1,Rent,Education,0
20,41520.0,519.0,28545,2.0,Master,Divorced,3,Own,Education,0
62,69481.0,636.0,36897,26.0,High School,Single,2,Mortgage,Business,1
30,56408.0,522.0,8167,34.0,PhD,Divorced,0,Own,Home,1
67,114006.0,659.0,49757,30.0,PhD,Divorced,4,Rent,Business,1
45,148496.0,628.0,31917,14.0,High School,Divorced,1,Mortgage,Business,1
37,77134.0,762.0,27736,15.0,High School,Married,4,Mortgage,Business,1
45,40491.0,681.0,32990,12.0,High School,Single,2,Own,Education,0
25,21341.0,468.0,19087,34.0,Master,Divorced,0,Own,Business,0
58,64623.0,516.0,27440,10.0,Master,Married,3,Rent,Home,0
56,110327.0,677.0,40205,20.0,PhD,Divorced,4,Mortgage,Business,1
18,20338.0,418.0,20275,,Master,Married,3,Rent,Personal,0
20,91431.0,489.0,10276,29.0,Bachelor,Divorced,0,Own,Education,1
30,32254.0,669.0,46627,34.0,PhD,Single,4,Mortgage,Personal,1
45,71860.0,448.0,45586,21.0,Master,Single,3,Rent,Home,1
66,31344.0,787.0,42496,37.0,High School,Divorced,3,Rent,Home,1
42,21750.0,,24008,30.0,Bachelor,Married,4,Rent,Home,1
50,74756.0,459.0,10738,13.0,High School,Divorced,0,Rent,Home,0
55,87957.0,650.0,37402,23.0,PhD,Married,3,Rent,Business,1
23,125423.0,587.0,10793,31.0,High School,Divorced,2,Mortgage,Education,1
61,78053.0,587.0,42291,35.0,Master,Married,4,Rent,Home,1
62,,525.0,10571,31.0,Master,Single,1,Mortgage,Personal,1
49,35896.0,822.0,36331,14.0,PhD,Divorced,1,Rent,Home,1
62,75761.0,821.0,21209,34.0,High School,Single,0,Own,Education,1
64,82552.0,,30394,2.0,PhD,Single,2,Own,Personal,1
38,140075.0,,48148,15.0,High School,Divorced,3,Rent,Personal,1
33,,482.0,30682,4.0,Bachelor,Divorced,1,Own,Personal,1
38,146522.0,787.0,7224,20.0,Master,Married,0,Mortgage,Business,1
28,138681.0,,46157,9.0,PhD,Married,2,Rent,Home,1
54,110600.0,,49452,18.0,Bachelor,Single,2,Mortgage,Business,1
53,142732.0,471.0,48408,24.0,Bachelor,Married,0,Rent,Personal,1
52,132153.0,587.0,37441,3.0,PhD,Married,0,Own,Business,1
36,142926.0,734.0,46430,28.0,PhD,Divorced,3,Mortgage,Business,1
37,47935.0,412.0,44129,,Bachelor,Married,0,Own,Business,0
35,57641.0,421.0,39716,1.0,High School,Single,3,Own,Home,0
64,,843.0,49859,9.0,Bachelor,Married,3,Rent,Personal,1
58,90342.0,521.0,31586,24.0,PhD,Single,4,Mortgage,Personal,1
66,126896.0,338.0,49760,19.0,Bachelor,Divorced,2,Own,Home,1
31,32182.0,796.0,28478,18.0,High School,Single,2,Rent,Business,1
32,107833.0,532.0,11318,22.0,Master,Married,2,Rent,Business,1
48,76276.0,829.0,33694,23.0,Master,Divorced,4,Rent,Education,1
18,39541.0,448.0,25180,,Bachelor,Married,3,Own,Education,0
20,114457.0,696.0,17180,33.0,High School,Divorced,3,Rent,Education,1
33,102310.0,601.0,38002,27.0,Master,Divorced,0,Mortgage,Home,1
40,64813.0,659.0,20372,4.0,Bachelor,Married,4,Mortgage,Personal,1
28,57198.0,537.0,34796,4.0,Bachelor,Married,0,Own,Education,0
29,28820.0,535.0,29427,20.0,High School,Divorced,4,Mortgage,Personal,0
27,44070.0,502.0,38290,11.0,PhD,Divorced,0,Rent,Personal,0
49,89768.0,555.0,33099,3.0,Bachelor,Married,1,Own,Personal,0
33,31122.0,,14821,19.0,PhD,Single,2,Rent,Home,0
25,100559.0,644.0,10832,37.0,PhD,Married,2,Own,Home,1
55,93543.0,833.0,17820,24.0,Master,Divorced,3,Own,Home,1
29,103441.0,765.0,21211,13.0,PhD,Married,1,Rent,Home,1
41,61786.0,840.0,44890,10.0,High School,Single,2,Mortgage,Education,1
45,114934.0,512.0,10842,31.0,Master,Married,3,Mortgage,Business,1
25,119804.0,762.0,6316,10.0,Master,Divorced,1,Own,Business,1
45,26737.0,735.0,22508,17.0,Master,Married,2,Rent,Business,1
53,56062.0,582.0,27005,26.0,Bachelor,Divorced,0,Rent,Education,1
43,74237.0,762.0,20206,17.0,Bachelor,Divorced,4,Own,Business,1
25,71571.0,706.0,23971,,PhD,Married,1,Mortgage,Education,1
67,45510.0,387.0,30599,10.0,Master,Divorced,3,Rent,Education,0
45,39426.0,343.0,27056,20.0,Master,Divorced,1,Mortgage,Education,0
45,57265.0,,6378,4.0,High School,Single,3,Mortgage,Business,1
54,37850.0,577.0,6519,22.0,PhD,Single,1,Own,Personal,1
58,138249.0,720.0,27161,24.0,High School,Single,3,Own,Business,1
53,86150.0,652.0,45703,9.0,PhD,Single,2,Mortgage,Business,1
44,107312.0,814.0,43861,,PhD,Divorced,0,Rent,Home,1
34,109613.0,318.0,10355,18.0,Bachelor,Married,2,Rent,Education,1
26,94910.0,322.0,14083,0.0,Bachelor,Divorced,0,Own,Personal,0
50,72375.0,712.0,43342,6.0,High School,Divorced,2,Mortgage,Home,1
37,,329.0,25456,3.0,PhD,Divorced,2,Rent,Personal,0
30,55435.0,407.0,18324,0.0,Master,Married,1,Rent,Personal,0
45,,666.0,7257,14.0,Bachelor,Single,4,Own,Education,1
65,77132.0,580.0,32364,39.0,Master,Divorced,3,Mortgage,Business,1
46,,427.0,29972,11.0,High School,Divorced,3,Rent,Education,0
30,102050.0,528.0,31654,21.0,Bachelor,Single,3,Own,Education,1
63,149828.0,410.0,20233,21.0,Bachelor,Divorced,0,Rent,Home,1
52,115402.0,435.0,20887,16.0,PhD,Married,3,Rent,Education,1
23,22983.0,661.0,34320,28.0,High School,Divorced,3,Rent,Business,1
35,117241.0,485.0,25808,13.0,PhD,Divorced,1,Own,Personal,1
68,40662.0,428.0,35154,19.0,Bachelor,Single,2,Mortgage,Education,0
22,43510.0,560.0,39773,32.0,High School,Divorced,3,Own,Personal,1
64,98187.0,814.0,32747,14.0,Bachelor,Divorced,4,Mortgage,Education,1
42,60998.0,748.0,15860,11.0,High School,Married,3,Rent,Personal,1
19,76846.0,403.0,47838,39.0,Bachelor,Single,0,Mortgage,Education,1
27,114071.0,782.0,47156,19.0,Master,Single,0,Rent,Home,1
47,26640.0,523.0,23156,29.0,Master,Married,0,Rent,Personal,1
67,64547.0,790.0,25360,37.0,PhD,Divorced,3,Own,Education,1
62,74620.0,772.0,23135,2.0,Master,Single,1,Rent,Education,1
22,35317.0,309.0,30351,27.0,Bachelor,Single,4,Own,Home,0
50,135608.0,704.0,35499,25.0,Bachelor,Divorced,3,Mortgage,Home,1
18,27564.0,,28554,29.0,Master,Divorced,1,Mortgage,Home,1
35,47345.0,530.0,24604,12.0,PhD,Single,1,Rent,Personal,0
49,133824.0,365.0,21923,,Master,Divorced,3,Own,Personal,1
64,114223.0,411.0,13547,1.0,High School,Single,3,Rent,Home,1
66,143372.0,312.0,49283,36.0,High School,Divorced,1,Own,Business,1
28,99273.0,,38002,37.0,High School,Divorced,1,Own,Business,1
38,94859.0,799.0,19562,1.0,Master,Married,1,Own,Education,1
43,100765.0,533.0,12480,35.0,Master,Divorced,3,Mortgage,Business,1
42,130017.0,613.0,31672,25.0,Master,Married,1,Own,Education,1
39,94038.0,311.0,9213,10.0,High School,Divorced,0,Mortgage,Personal,0
44,143618.0,508.0,15293,7.0,PhD,Single,3,Own,Personal,1
66,72393.0,,39441,,Bachelor,Single,0,Mortgage,Business,1
30,86081.0,717.0,7100,21.0,Master,Divorced,2,Mortgage,Personal,1
50,,736.0,49617,19.0,PhD,Divorced,3,Mortgage,Home,1
51,122650.0,676.0,33172,7.0,Bachelor,Single,2,Rent,Home,1
58,49430.0,319.0,25132,28.0,Bachelor,Divorced,1,Own,Business,0
52,95532.0,369.0,23199,39.0,Bachelor,Married,1,Rent,Business,1
18,47788.0,510.0,41609,25.0,PhD,Married,4,Own,Education,1
38,115505.0,400.0,47965,29.0,PhD,Married,1,Own,Personal,1
65,68543.0,431.0,13016,16.0,High School,Married,2,Rent,Education,0
23,33919.0,,44779,19.0,PhD,Married,1,Mortgage,Education,1
45,89346.0,431.0,42261,15.0,PhD,Divorced,3,Own,Home,1
34,116122.0,,36881,6.0,PhD,Divorced,1,Mortgage,Home,0
22,59974.0,835.0,22058,15.0,Bachelor,Married,4,Rent,Home,1
48,127309.0,,29472,26.0,Master,Divorced,1,Mortgage,Home,1
22,36371.0,453.0,46346,22.0,High School,Divorced,2,Own,Education,0
55,65084.0,768.0,39926,23.0,Master,Married,2,Own,Home,1
20,49629.0,704.0,39832,8.0,Master,Divorced,1,Own,Personal,1
40,71184.0,501.0,41021,34.0,PhD,Divorced,2,Rent,Home,1
54,81916.0,337.0,29087,19.0,High School,Divorced,2,Own,Home,0
54,147293.0,487.0,17828,36.0,Master,Married,4,Rent,Home,1
27,93972.0,356.0,36128,16.0,Master,Divorced,3,Mortgage,Business,0
27,,319.0,6401,30.0,High School,Single,4,Own,Personal,1
36,32984.0,572.0,24643,7.0,PhD,Single,0,Own,Personal,0
34,53039.0,418.0,20193,14.0,Master,Married,4,Own,Education,0
38,105431.0,815.0,31853,30.0,Bachelor,Single,1,Mortgage,Education,1
31,103691.0,520.0,49864,29.0,Master,Married,3,Own,Home,1
26,78606.0,825.0,25307,19.0,Bachelor,Single,1,Rent,Business,1
63,30616.0,814.0,41982,38.0,PhD,Single,0,Mortgage,Education,1
18,122665.0,635.0,24611,11.0,Master,Single,3,Mortgage,Education,1
68,,354.0,48791,16.0,High School,Married,2,Mortgage,Home,1
62,70072.0,799.0,16950,29.0,High School,Married,4,Mortgage,Home,1
30,44574.0,835.0,15704,28.0,Master,Divorced,1,Mortgage,Education,1
21,23430.0,461.0,48111,,PhD,Married,0,Rent,Education,0
18,139123.0,458.0,16867,10.0,PhD,Single,2,Mortgage,Personal,1
66,32676.0,487.0,7745,,High School,Single,4,Own,Business,1
57,30816.0,359.0,8866,6.0,Master,Married,2,Mortgage,Personal,0
49,52733.0,618.0,37245,33.0,PhD,Married,4,Mortgage,Education,1
51,105680.0,510.0,49724,19.0,High School,Married,3,Mortgage,Personal,1
45,22050.0,705.0,10818,37.0,Bachelor,Divorced,2,Mortgage,Personal,1
48,129996.0,408.0,35116,23.0,Master,Single,2,Mortgage,Education,1
25,53933.0,375.0,20493,9.0,Bachelor,Divorced,2,Rent,Home,0
56,44951.0,841.0,33038,31.0,Bachelor,Divorced,3,Rent,Education,1
43,52413.0,613.0,25447,14.0,PhD,Single,0,Mortgage,Home,1
51,54801.0,416.0,35431,,PhD,Single,4,Rent,Education,1
20,75619.0,318.0,22908,19.0,PhD,Married,2,Own,Education,0
67,52913.0,731.0,34336,2.0,Master,Married,3,Mortgage,Education,0
29,132573.0,649.0,45992,36.0,Bachelor,Divorced,0,Own,Business,1
18,139076.0,482.0,9025,39.0,Master,Married,4,Own,Home,1
61,60600.0,412.0,25093,,PhD,Married,3,Mortgage,Business,0
22,77775.0,482.0,11155,39.0,Bachelor,Single,4,Own,Education,1
47,110816.0,780.0,38487,22.0,Master,Single,2,Own,Personal,1
47,149972.0,445.0,25963,39.0,Master,Married,0,Own,Business,1
34,110093.0,412.0,25936,,High School,Single,3,Mortgage,Home,0
65,132590.0,775.0,9426,,Master,Married,0,Mortgage,Education,1
64,55400.0,602.0,28303,28.0,PhD,Single,2,Own,Business,1
40,24494.0,417.0,32606,29.0,Master,Single,0,Mortgage,Personal,0
32,100688.0,460.0,33151,9.0,Bachelor,Single,0,Mortgage,Business,1
54,142744.0,700.0,18767,38.0,Master,Single,1,Own,Home,1
38,109431.0,497.0,16308,27.0,High School,Married,0,Mortgage,Business,1
31,94691.0,559.0,49245,35.0,Bachelor,Divorced,4,Rent,Personal,1
19,117419.0,346.0,29770,12.0,Bachelor,Single,3,Mortgage,Personal,0
28,128730.0,698.0,33572,31.0,High School,Married,1,Rent,Home,1
68,63001.0,377.0,46448,35.0,PhD,Married,3,Own,Personal,0
56,87364.0,423.0,7204,36.0,Bachelor,Single,3,Mortgage,Education,1
55,144988.0,374.0,32233,25.0,PhD,Divorced,2,Own,Personal,1
51,65028.0,,26729,21.0,Bachelor,Single,2,Own,Education,0
55,127434.0,699.0,36131,3.0,Bachelor,Married,1,Own,Business,1
67,117659.0,804.0,38870,30.0,PhD,Divorced,2,Own,Education,1
51,57573.0,,43011,17.0,Bachelor,Married,2,Own,Education,1
35,20806.0,437.0,44382,37.0,PhD,Single,2,Mortgage,Business,0
47,144343.0,349.0,46475,23.0,High School,Divorced,3,Rent,Personal,1
32,76638.0,553.0,26607,22.0,PhD,Married,1,Mortgage,Education,1
44,148301.0,725.0,29968,21.0,High School,Married,3,Mortgage,Personal,1
68,146295.0,846.0,38398,1.0,Bachelor,Married,4,Mortgage,Business,1
51,126506.0,601.0,16908,30.0,PhD,Single,3,Mortgage,Home,1
69,49757.0,648.0,31423,10.0,Bachelor,Divorced,4,Rent,Personal,0
55,54636.0,348.0,48615,,PhD,Single,0,Mortgage,Personal,0
50,100097.0,373.0,14171,31.0,High School,Single,0,Own,Home,1
41,68280.0,560.0,17721,4.0,High School,Single,4,Mortgage,Home,0
32,44262.0,655.0,21616,37.0,PhD,Divorced,4,Mortgage,Business,1
47,100435.0,559.0,47512,9.0,High School,Single,3,Rent,Personal,1
59,82211.0,594.0,43458,39.0,Bachelor,Single,4,Rent,Personal,1
68,74842.0,612.0,12659,23.0,Bachelor,Single,1,Own,Business,1
34,148583.0,481.0,48369,34.0,Master,Single,0,Mortgage,Personal,1
22,76979.0,663.0,16704,22.0,High School,Married,0,Mortgage,Education,1
46,134524.0,487.0,37793,16.0,Bachelor,Single,4,Mortgage,Education,1
21,101470.0,842.0,36226,0.0,PhD,Married,2,Own,Education,1
27,58197.0,847.0,28852,30.0,High School,Single,2,Rent,Personal,1
34,61844.0,707.0,37082,30.0,Bachelor,Divorced,4,Own,Education,1
27,84754.0,713.0,27794,33.0,High School,Married,1,Mortgage,Education,1
34,121868.0,641.0,46420,8.0,PhD,Married,2,Rent,Business,1
37,54157.0,519.0,18379,21.0,Bachelor,Married,4,Rent,Business,0
41,97129.0,462.0,12006,12.0,Master,Married,1,Own,Home,1
22,60042.0,519.0,13682,24.0,Master,Divorced,1,Rent,Home,1
51,81665.0,569.0,38840,17.0,High School,Single,3,Rent,Home,1
23,135512.0,699.0,37430,11.0,PhD,Married,1,Mortgage,Home,1
19,136953.0,481.0,28091,,Bachelor,Divorced,2,Mortgage,Business,1
30,102856.0,504.0,37983,16.0,PhD,Married,2,Rent,Business,1
60,47376.0,527.0,28989,14.0,Bachelor,Single,4,Rent,Business,0
60,129049.0,549.0,14915,14.0,High School,Married,4,Own,Education,1
65,75554.0,740.0,47552,14.0,Bachelor,Divorced,1,Own,Education,1
28,34199.0,832.0,23990,38.0,PhD,Single,0,Rent,Home,1
68,138533.0,495.0,29734,12.0,PhD,Divorced,3,Mortgage,Education,1
64,101412.0,818.0,19824,16.0,High School,Single,0,Rent,Personal,1
40,70948.0,369.0,41081,31.0,PhD,Single,1,Rent,Business,1
33,93781.0,698.0,16033,8.0,Bachelor,Single,1,Mortgage,Home,1
48,92750.0,502.0,47736,39.0,High School,Married,0,Mortgage,Home,1
28,86262.0,447.0,21241,19.0,Bachelor,Divorced,3,Own,Personal,0
33,137424.0,771.0,10939,25.0,PhD,Divorced,0,Own,Education,1
25,66600.0,498.0,40063,26.0,High School,Divorced,4,Own,Home,1
21,96898.0,725.0,39464,20.0,Bachelor,Single,2,Own,Education,1
57,82483.0,791.0,16185,17.0,PhD,Married,4,Mortgage,Education,1
21,38297.0,441.0,32045,12.0,PhD,Single,2,Rent,Personal,0
42,50448.0,612.0,49769,15.0,Master,Divorced,1,Own,Home,1
20,46172.0,464.0,24167,8.0,PhD,Married,3,Own,Education,0
49,62874.0,613.0,41412,11.0,Bachelor,Married,0,Mortgage,Education,1
20,27657.0,320.0,26625,37.0,High School,Married,3,Mortgage,Personal,0
44,104386.0,381.0,44188,,Master,Divorced,0,Rent,Personal,1
46,145617.0,430.0,32076,6.0,PhD,Married,4,Rent,Education,1
49,45425.0,604.0,49605,34.0,PhD,Married,4,Mortgage,Personal,1
67,46685.0,670.0,24029,17.0,PhD,Single,0,Own,Education,1
68,142000.0,683.0,27973,15.0,Bachelor,Single,3,Own,Home,1
36,132855.0,744.0,44121,38.0,Master,Married,0,Own,Business,1
38,44578.0,,36433,3.0,Bachelor,Married,1,Rent,Personal,1
22,48831.0,460.0,48309,24.0,Master,Single,4,Own,Business,1
35,27906.0,,6932,31.0,High School,Single,1,Own,Education,0
45,81413.0,789.0,49254,39.0,Bachelor,Single,4,Mortgage,Education,1
59,74028.0,626.0,6757,12.0,Bachelor,Divorced,4,Own,Education,1
39,27287.0,588.0,35722,16.0,High School,Divorced,2,Mortgage,Business,0
38,53660.0,653.0,42853,36.0,Master,Single,1,Own,Education,1
23,95758.0,327.0,43405,5.0,PhD,Married,1,Rent,Personal,0
18,80504.0,342.0,6116,18.0,High School,Single,2,Own,Home,0
22,79720.0,722.0,48527,12.0,PhD,Divorced,3,Own,Home,1
58,122979.0,476.0,16691,25.0,PhD,Married,1,Mortgage,Personal,1
29,,828.0,5492,13.0,High School,Divorced,0,Mortgage,Home,1
43,103300.0,793.0,32882,30.0,Master,Married,2,Mortgage,Business,1
63,130177.0,497.0,13811,3.0,PhD,Divorced,1,Own,Education,1
51,37674.0,816.0,32808,,High School,Married,3,Own,Education,1
66,103560.0,813.0,29272,7.0,Bachelor,Married,1,Rent,Education,1
31,131543.0,321.0,33399,24.0,Bachelor,Married,4,Own,Business,1
43,43874.0,411.0,11474,12.0,Bachelor,Married,0,Rent,Business,0
62,63642.0,356.0,31956,31.0,High School,Divorced,2,Mortgage,Business,1
44,143867.0,365.0,47506,37.0,Bachelor,Divorced,4,Mortgage,Personal,1
26,117820.0,397.0,18979,37.0,PhD,Married,3,Mortgage,Business,1
43,85160.0,443.0,49523,27.0,Bachelor,Married,4,Rent,Home,1
64,37602.0,734.0,47565,29.0,Bachelor,Divorced,4,Own,Personal,1
39,123320.0,,33328,2.0,PhD,Married,3,Mortgage,Personal,0
64,108801.0,643.0,17867,27.0,Bachelor,Married,4,Own,Personal,1
47,45931.0,593.0,30851,2.0,PhD,Married,2,Own,Business,0
60,114377.0,542.0,36279,33.0,Bachelor,Single,1,Mortgage,Personal,1
65,49192.0,331.0,35527,15.0,PhD,Married,4,Rent,Business,0
34,66542.0,690.0,12866,21.0,Bachelor,Single,2,Own,Business,1
43,147015.0,576.0,20449,,PhD,Married,1,Mortgage,Personal,1
53,62520.0,831.0,15685,37.0,High School,Divorced,1,Own,Education,1
18,84772.0,453.0,28544,7.0,PhD,Single,4,Own,Education,0
25,78762.0,682.0,10451,7.0,Bachelor,Single,2,Own,Personal,1
66,,367.0,26642,5.0,Bachelor,Married,4,Own,Education,0
52,101121.0,513.0,46316,13.0,Master,Married,3,Own,Home,1
69,45559.0,,44954,31.0,PhD,Single,1,Rent,Home,1
32,125595.0,512.0,43870,34.0,High School,Divorced,4,Rent,Business,1
64,53742.0,378.0,36030,9.0,PhD,Divorced,1,Mortgage,Education,0
39,89669.0,680.0,35873,2.0,PhD,Married,2,Rent,Home,1
31,100199.0,357.0,5619,11.0,High School,Divorced,0,Rent,Personal,0
43,41754.0,325.0,38650,30.0,PhD,Divorced,4,Rent,Education,0
45,23972.0,746.0,30372,28.0,High School,Married,4,Own,Home,1
40,90831.0,365.0,8642,4.0,High School,Divorced,1,Own,Home,0
31,132217.0,553.0,33001,,PhD,Married,2,Mortgage,Personal,1
41,61873.0,343.0,39064,30.0,PhD,Single,3,Mortgage,Business,0
19,114661.0,396.0,34290,20.0,Bachelor,Married,2,Mortgage,Personal,1
62,126532.0,526.0,19122,19.0,Bachelor,Single,4,Own,Business,1
43,146267.0,735.0,29820,38.0,Master,Single,3,Rent,Home,1
31,29903.0,678.0,7895,21.0,Master,Divorced,2,Rent,Business,1
68,23020.0,477.0,10366,3.0,PhD,Divorced,0,Own,Home,0
24,61755.0,726.0,13711,12.0,High School,Divorced,1,Mortgage,Home,1
20,105956.0,606.0,24596,19.0,Master,Married,2,Mortgage,Education,1
64,106988.0,803.0,23793,12.0,PhD,Divorced,2,Mortgage,Business,1
40,65648.0,567.0,13199,16.0,Master,Single,0,Own,Business,1
63,123537.0,307.0,15717,35.0,High School,Divorced,4,Mortgage,Business,1
60,145991.0,807.0,41191,32.0,PhD,Divorced,1,Mortgage,Personal,1
64,29516.0,775.0,15211,,High School,Married,2,Own,Education,0
62,132863.0,596.0,28360,14.0,PhD,Married,3,Rent,Education,1
35,135005.0,463.0,26542,12.0,Master,Single,2,Own,Education,1
55,22396.0,784.0,36312,16.0,Bachelor,Married,1,Own,Personal,1
